customer_id,age,city,country,email
1889e681-89a0-474a-a0ff-5f94ae38642e,21,New Brittany,Tajikistan,xmoreno@example.net
6bb987d6-7eb9-4983-9027-a429478d8c2f,57,Robertsonmouth,Comoros,jeffrey44@example.com
d7c285aa-a645-40e5-bd89-241bd43b09fc,71,Audreyland,French Southern Territories,vgreen@example.org
5c8a6905-12b8-4bd2-817b-cacbdb1a061e,33,New Olivia,Chile,jacquelinehenderson@example.com
3acfa237-1e60-4712-acee-0bf37aeb6978,26,Tylermouth,Kiribati,jessicarichard@example.com
65e3be5d-2e56-4d08-8766-db174a4c1eb8,43,Matthewtown,Gabon,daniel84@example.net
ceaf276d-76d8-480d-be0c-740bebb0c781,54,Markland,Rwanda,mary08@example.org
d4ce28ec-0369-45c5-9e50-f6d5469a66e3,52,Evelynstad,Finland,harveyjames@example.net
7646d540-4be8-4920-80ec-0a4e845327ae,51,Ashleyport,Guinea,regina12@example.org
feb1426e-034a-41d8-9ca7-87dbebd25f01,69,Lake Perryborough,Tokelau,hamiltoncharles@example.com
310e6ca5-2aa9-4c87-b439-c4010f8099fd,67,Heatherfort,Eritrea,kimberlyleach@example.com
a8f0037f-5385-4b58-a514-e9f016610107,34,West Denise,Switzerland,john62@example.com
46d45bc0-1816-4cb1-860b-9390c1901ea7,55,Douglasbury,Albania,kelly60@example.net
12a15d22-5262-4404-8df7-2757e17874f0,43,Port Susanhaven,Djibouti,gordoncourtney@example.net
0d4bd9eb-0b94-4b15-9844-962c3a0927ec,39,Lake Kristina,Montserrat,angela27@example.org
cbe79086-0d6a-4b92-a274-085faccda707,23,Charleston,Greece,amandalane@example.net
f9f8f480-350c-47bc-802e-f5215961965c,57,New Debra,Grenada,shelbyrojas@example.net
fed91eb6-a427-48e0-837e-065d8bd46147,75,Lake Emily,Luxembourg,heather83@example.com
728cbcd5-3ab8-4a8c-9fb7-9fc853ce6405,65,New Laurashire,Spain,justin18@example.net
8b155eaf-c4fe-4713-a994-2872e5e91111,39,Deniseport,Israel,gilbertpatrick@example.org
ea14b67f-f695-44e9-ba0d-7578d5c22fe2,42,Joview,Nepal,kevinhall@example.net
3ba67536-a93b-484f-aad0-04f992b65887,43,Brianview,Saint Kitts and Nevis,brianwilson@example.com
73a3d1c6-d3d5-4903-9c04-e009155047ca,45,Johnburgh,Brazil,smithchelsea@example.org
2016fbc8-a494-4d06-b9e9-69cea8eb1dc2,56,West James,Anguilla,ricesteven@example.net
2a62b3ec-674f-47ab-8ba2-d3673e40df94,45,Lake Marychester,Martinique,lhunter@example.net
1228af15-7aab-45fb-96b8-9b01b5b2d667,49,East Michaelhaven,Central African Republic,cartercraig@example.com
83d1340a-4f68-4804-b278-100fb58d273f,47,Walkertown,American Samoa,alexander98@example.org
6e82bead-dd42-45cb-810a-898901d1538c,72,Cynthiafurt,Holy See (Vatican City State),emilywhite@example.com
7087f4bf-2e4a-4d7e-ac4a-6debd8dd6e1b,52,South Eduardo,Afghanistan,jimenezamber@example.com
f8277208-c71c-457a-b14a-4b1bad18210f,38,Port Christine,Brunei Darussalam,paul28@example.net
a8569dab-0484-40df-a87f-ee73a8c1415c,33,Kennedyview,Uruguay,stephenmyers@example.com
e3b03b11-9e45-4efc-bec5-028b102c12b8,26,Rhondamouth,Pakistan,richardwilson@example.org
efc5f663-6b8a-4f15-9c24-a83c2927fe86,69,East Jeffhaven,Kiribati,michael76@example.net
470b2fed-a212-4833-a7ba-c20bf099b115,75,Lake Sheila,Greenland,dtaylor@example.com
df9b55e4-a57c-4cec-a041-49375945719d,65,West Rebecca,Algeria,nhorton@example.org
fc2e9790-1efe-474e-8004-f49e766d37dd,30,Brianhaven,Puerto Rico,odelgado@example.net
877587cd-9a63-4a97-9af9-f94c912c641b,33,Chadborough,Switzerland,irodriguez@example.org
199bf930-41bb-4481-bc6b-106d3bc836df,68,Jasontown,Nigeria,lori12@example.org
025bc197-e218-420c-a9e4-b9983f881489,58,Meghanstad,Fiji,brewerpaula@example.org
9203e8ed-572c-4027-8834-b8c918b6a453,58,East Gina,Costa Rica,lisawilliams@example.com
58f01559-a0fc-441a-b214-d2aeb3e5abd2,45,Smithstad,Kyrgyz Republic,jamesdouglas@example.com
166c7a91-bd9b-4adc-950a-5fc420c9f044,49,Colemanport,Czech Republic,carlosthomas@example.com
551e7d2a-5128-4408-98e9-9ea724644485,18,South Richard,Falkland Islands (Malvinas),joseph71@example.com
4e59b4d7-7941-4b1c-8a72-caa0adec2557,18,North Josephburgh,Myanmar,zavalakyle@example.com
7815152d-a16a-4a8f-9dc6-e68e1d525d77,68,West Briannamouth,Mozambique,wadegeorge@example.net
f95ce7bd-30b0-42d9-a596-db39837da053,58,Kurtburgh,Cook Islands,jeremyadkins@example.org
69409d45-15b9-4a6d-bf3d-380187018516,34,Andersonside,Guyana,rogerstina@example.com
2ddb1ed6-bce2-4c50-b372-b6077dea71b8,61,North Charles,United States Minor Outlying Islands,davidwatson@example.net
7b020c8a-21c6-4cdd-be9e-9d4f5621418e,72,Danielbury,Belarus,brendanmatthews@example.com
cad2a6d5-7bd8-43c0-922b-a436e547fb95,28,North Nicoleview,Portugal,ubowers@example.net
4058f23c-d4f0-4a26-b88c-14039efad5de,39,New Robinstad,South Africa,debbie16@example.com
08be8af1-041e-478b-b0c9-bd0ca48f8f3e,26,Garciaburgh,Syrian Arab Republic,david50@example.net
ebc3f0fc-6b93-46b5-8011-7863dfbd98fa,35,East Alexandria,Tajikistan,courtney03@example.com
3fd512d9-d00d-487d-a062-de885e10b5df,75,Heidiview,Saint Barthelemy,marymiller@example.org
228b714a-3199-45d0-90fc-719bd3f15285,34,Lake Alexa,Yemen,fboyer@example.net
8ae8045f-3ea8-4cb8-b709-e06ff77c5a96,18,North Mistyport,British Virgin Islands,robertolopez@example.com
7c81d6a0-3b8a-4c35-af31-4743cd3763e3,36,Howeton,French Southern Territories,mark70@example.net
35318e84-a3d2-4aee-bc73-c7e61d885692,71,Thompsonside,Samoa,amy96@example.com
c516cdf6-3bdd-4a7d-8857-4525357ef592,56,Port Tinaland,South Africa,goodwinmark@example.com
9296b9fc-4da9-40bb-9495-16c2b9c20bdf,56,North Dominique,Zimbabwe,dbradshaw@example.net
197561a9-4cb8-4395-a586-3ce240592c8a,20,Lake Phillip,Togo,joel84@example.com
c8538e92-0079-4a99-aa25-b0e51bf307e4,44,West Steven,Gambia,chancharlene@example.com
ecdf2c17-0218-4cd4-b91f-42fcec010777,34,Markbury,Burkina Faso,davidchavez@example.net
1e8e58d1-a848-4718-bb7c-a1f187e49615,74,Lisaside,Azerbaijan,travisholder@example.com
a540eab8-d59a-488f-9db8-92db7c077f74,65,Staffordtown,Mauritius,jacksonaustin@example.com
a733facb-5f49-4c48-b2b8-4ca3b7166065,20,Campbellview,San Marino,trevorcarr@example.net
87109f3a-ce9e-46c0-aa85-a2bccb774d68,56,West Christina,Tunisia,ebowen@example.com
67298a0c-fde3-492e-8bd5-174934037337,57,Georgeville,Bhutan,simpsonjamie@example.com
8adf8348-f4b4-40ec-8f10-469385afc743,55,West Tyler,Portugal,murphyricky@example.org
8806f9cc-730e-46d9-b7a1-9e910c0803cb,44,Jessicaview,Montenegro,jshields@example.org
65a7ce9d-8bea-4afb-bda6-03dcb90c554e,43,East Zachary,Iran,kennedyheidi@example.net
ff692a4f-3fdd-4043-af61-65349e489426,57,South Rebeccaburgh,Angola,gomezdavid@example.org
2c719902-bd35-44ef-955f-92213dcf6cfa,53,Heatherfurt,Congo,patelanthony@example.com
745db865-4f43-4f29-bf9d-388c97ffd029,28,Christopherborough,Iraq,debrawright@example.net
8ccc5b98-2d25-48dc-92d0-fe4d0c180a2e,45,Hectorfurt,Portugal,meredith32@example.org
6c6ec9d8-7b7d-4385-bab5-5076510561ba,25,New Jennifer,Angola,davidstewart@example.org
569ca90e-5a8f-4bf8-86c6-41046e3e6db5,20,Lauraborough,Malawi,michelle16@example.net
9d19d134-596b-4f63-8e57-2274a07da369,53,Spencehaven,Saint Martin,erinschwartz@example.com
acbc2453-6c48-49cf-b536-50f47727cbf2,28,Kathrynmouth,France,ogibbs@example.net
f1ae7570-39d7-40eb-80a4-96551246c54f,61,East Annaville,Norway,sjenkins@example.com
2d57784f-cfa4-4d3e-b874-25b35253169c,38,Jimenezville,Greenland,joel57@example.com
d025e8cb-7d0d-4457-bc09-055bd4450a98,40,Cooperport,Armenia,rclements@example.org
f64c6217-ab34-4622-bc13-965927c1be56,36,Smithtown,Bahamas,donald15@example.net
51856779-be32-4f7c-af2c-b953b41deb4c,36,New Debra,Lao People's Democratic Republic,ashley04@example.com
aefbf9fd-41eb-4f9d-a07d-b0dceb6550a2,39,Josephfort,Colombia,brandyanderson@example.net
b10f5a93-0e8f-45af-92d2-f2025cc4f6c0,44,South Nataliemouth,El Salvador,thomasphillips@example.org
ff4ef450-1dc3-49a8-a52f-0aac5eccc1fe,54,Garciaborough,China,kyleross@example.com
e69182cf-71a3-47b5-923d-820a5e3a447a,43,Hatfieldmouth,Morocco,jose13@example.org
cddf4bcc-f3e8-4ac0-aca2-6d8c396a6932,62,New Shannon,Sudan,robert06@example.org
65c2d329-54f2-4351-9294-e50977449ba5,70,Christopherburgh,Micronesia,dianestewart@example.org
fe111b88-b056-47c0-9662-f908367c765e,18,Lake Jason,Reunion,george89@example.com
1dfb1eae-674f-4659-b1c4-7c16d8edea1b,59,New Troy,Saudi Arabia,tgutierrez@example.net
df37e6c5-a16d-464f-b593-67fecc47a42c,57,Port Aaron,Romania,james83@example.net
c497c7c9-e324-4c60-b5b6-500d97fc393d,44,Austinmouth,Pitcairn Islands,sthompson@example.net
ea574b0d-4a3b-4246-b005-e76e0ed90af2,33,Andreabury,United Arab Emirates,madisonadams@example.net
d271e081-6421-4f00-861a-0ce799565382,61,Katiefurt,Azerbaijan,kmyers@example.net
686d6c8e-e3db-4e7e-8e83-dccc91e27e4b,52,Port Linda,Niue,carrillonicholas@example.com
182e6e20-40a5-4380-ad90-95a656419236,26,Amychester,Singapore,popedarrell@example.com
149d01f2-2e27-4d06-95a3-cd4e8ee6cf3a,64,North Dave,Pakistan,hleblanc@example.net
80d7b697-7ef8-4d6c-ad2d-0d702ea1bc6a,34,West Brendahaven,Seychelles,alexandriamorrison@example.net
45ef8244-01b5-412d-931f-64f328381a6e,52,Port Gregory,Kuwait,deniseburke@example.com
33ae98d5-ac88-4a5e-8f44-25f22a19b86a,41,Sheppardton,Indonesia,stephen02@example.org
d53461fb-823e-4f52-af80-a7db1997df03,28,Lorettashire,Brazil,riddledavid@example.net
1cd24aed-f543-4b7e-ae39-9b4ffa1a81fd,32,East Joshuaberg,Singapore,dtaylor@example.net
88f4d202-e199-4328-9dbf-1fbd81c1ec74,24,North Sarahbury,Vietnam,tracygarza@example.com
cc3e990c-bcf6-4d86-95ad-da76eb78b617,47,New Anthonyton,Korea,ericjordan@example.org
7940161d-2e17-4fce-80d7-15dc4bd1677a,47,Port Stephen,Burkina Faso,erincase@example.net
e779ca28-bb2d-4b1f-bce9-f61a165c39c9,35,Bellfort,Poland,karenbrown@example.net
eeaca9a2-eb13-4fd1-a07e-eaca0a3182c7,67,East Anthonychester,Sweden,tsuarez@example.net
3497a973-e552-48f9-80f0-fd3da6995d4c,39,Spencerfurt,New Caledonia,elizabeth55@example.org
6466efc5-3e60-4023-81d5-76c627639ce1,57,North Ana,British Virgin Islands,sara45@example.com
46d60828-788e-4872-870a-23ea225fb52c,43,North Richard,Libyan Arab Jamahiriya,buckleybradley@example.net
d6abba7e-2332-4d55-923a-76aecf184ef0,62,Port Sandra,Armenia,cjordan@example.com
c893adaf-65d6-4abf-9ff0-1b0a9bda7656,66,Brianberg,Eritrea,angelicabarnes@example.org
d42119d6-4177-4fb5-82de-b72ee48a22fb,19,Kramerport,Kyrgyz Republic,moorekathryn@example.net
467beaa3-8536-4e1a-9c1d-c6c3d26674c2,25,West Dorismouth,Anguilla,dylanwhite@example.org
c0295994-e4a1-4bbb-a04c-4583e0ef5b2f,55,West Lori,Greece,john66@example.net
38887a27-bd27-4e72-bd5c-1a1c59f8acab,56,North Jessica,Spain,tammyritter@example.org
ed06d667-e81f-474d-ac5c-bbae0f0fc8a8,46,New Michelle,North Macedonia,wbaird@example.org
f3dcc9a0-4ab4-4b23-97ff-1eb977c604e0,48,South Kylebury,Yemen,paynegeorge@example.net
ad68cbab-3e51-45ab-8396-2bcdba647b11,31,East Nicolemouth,Maldives,donald06@example.net
333547ff-92cb-4ed0-a971-0606b2c0cce1,30,Erikamouth,Ethiopia,charles38@example.com
599b54ce-9c64-4bab-9e31-51e4a72d7107,42,Catherinehaven,Malaysia,edward62@example.com
5a1027aa-e3df-4af4-ba83-3e75c8367a34,69,East Colinport,Congo,coledeborah@example.net
a45b4a54-133f-4df5-858a-f8287a0240eb,68,North Charles,Bulgaria,markdavis@example.com
bab2e92a-a62c-43ff-9fb1-7713b00ac23d,40,Lake Michael,Saint Helena,nlutz@example.net
3736328a-ba8e-4d35-968b-4ffdfcf543b9,49,New Williamton,Morocco,wdavis@example.org
50ccf8fd-7738-423d-89b3-3c1cb5caa266,39,West Samuel,Cook Islands,pachecodavid@example.org
d8de8223-dc8b-4c98-864f-cb8ac8c23ec5,22,Lake Ariana,Hungary,christopherodonnell@example.com
db845384-3725-478f-98cc-20ed75e153a5,33,South Tanyamouth,Mali,fbishop@example.net
333cedd0-f035-4029-bc53-d92fa13ccee1,74,Port Teresa,Faroe Islands,sarahbaker@example.org
d86c8996-3611-4e51-9b2c-77d693a4dcf7,71,Heiditon,Northern Mariana Islands,laurafields@example.net
b8a3a314-a1b2-48e2-92db-0a6333cb9e80,55,Lake Chloe,Monaco,jasmine38@example.com
d5d290e7-1582-46aa-823c-d9da3db97260,35,South Jackton,Saint Helena,reidjennifer@example.com
8545688f-18cd-4f87-b50a-05412f5c4332,18,Andersonhaven,Martinique,lopezanita@example.net
7b4bc77a-28d4-40b7-8b3d-d9942ac23e3a,59,Port Luis,Zimbabwe,qpowell@example.com
f8f25c69-13f0-49b8-812b-e26281de757a,66,Jacksonhaven,Greece,patricia88@example.com
b5cb0271-598d-476c-8fc7-e9a9b355b128,64,Williamsstad,Qatar,john74@example.net
2b8e9987-ef9d-4b24-9dc4-5d82aa467dd8,71,West Josephburgh,Sudan,travisdonna@example.net
32a921f8-27e0-4e1a-b697-18ce1370d5cb,42,Ingramshire,Lao People's Democratic Republic,gomezbethany@example.org
6c68ddf6-79c5-4a48-bf0f-4c2a100bf78f,33,East Alan,Sweden,kmora@example.net
24239dc8-fce9-43f8-a1c1-b17618ee827d,52,Teresashire,Kazakhstan,qrush@example.org
4fe8528f-335c-44b7-9e26-f86d761aec43,22,Lake Sean,Reunion,paul54@example.org
a52119b2-5c17-42a4-9739-620d559c359f,33,East Alexisfort,Malawi,debra35@example.com
3c1f6cff-213a-4f15-9671-54323f0849f7,34,Port Kevinburgh,Montenegro,owensaaron@example.net
90140697-d722-406a-a9e7-f227d2e27659,58,Bryantchester,Solomon Islands,michellechan@example.org
efcd632b-e056-41db-8246-51983b5156c1,43,Lake Donna,Bolivia,cstokes@example.com
c2c1ef7a-e8eb-4a74-b131-8eeb82931778,46,West Julie,Slovakia (Slovak Republic),paul83@example.net
0faa47d2-816b-4bec-9a9c-36cfbe5f969a,25,New Clayton,Pakistan,woodbradley@example.net
a9ba2d6e-34b7-4129-a6d9-721bea10799c,32,Martinmouth,Vanuatu,elizabethjones@example.net
098a4187-e295-4c51-aa43-4ef9274dc8b6,42,West Douglastown,Romania,ian60@example.net
306d7741-b70e-4d10-ad3f-51ccc9c429d7,38,West Matthewmouth,Turkmenistan,sandra19@example.com
dd99579a-4d56-4065-a416-da49085236bf,36,West Cynthia,Iceland,taraoliver@example.org
ba93fda4-44d7-4928-8fe5-448c2d468217,30,Pamelamouth,Latvia,ihenderson@example.com
4e3f8c59-d73e-48ba-863b-ced1fcb6fde9,75,Ramirezbury,Tuvalu,annette15@example.com
846f74f5-6799-4d09-bbbf-48302805072a,46,Victoriaburgh,Mongolia,melendeztammy@example.net
832fe94a-48d9-4638-a783-0ec144b31860,40,East Terryville,Guadeloupe,marissa73@example.net
e613c606-f52d-4cbd-a0ea-b6ce610c197f,35,Port Ashley,Saint Helena,devin50@example.net
82c76fb3-0711-4a53-b7f4-83b7b05c0b9c,75,Taylorfurt,Hungary,kayla69@example.org
be8108c6-18bb-41a8-9758-faae0dc45e1f,44,Stephanieburgh,Cote d'Ivoire,hhernandez@example.net
f3f3748d-09e9-453c-a120-632a16ee4253,42,East Lawrenceport,Turkey,amanda13@example.org
c28fd583-cd71-497a-b4b4-a4552b7479fb,26,North Natalieberg,Reunion,bwheeler@example.com
c57a89ae-15c0-4810-8c62-8dd18df22424,41,Garciamouth,Israel,rachel25@example.org
c2ce5c89-4d80-46ae-afa4-9893860d5749,69,Port Rachelborough,Israel,ncarlson@example.org
49404624-166d-484f-85f8-6a2cbbda27c1,66,Lake Judy,Micronesia,carrie90@example.com
95402966-1d1b-40fa-8719-7a2dab2348db,50,Port Michaelhaven,Solomon Islands,michaelmitchell@example.net
a41da088-46dd-45b1-a851-427be9a49374,30,Wangbury,Malta,njohnson@example.net
4f9badb7-06f5-45c2-898f-c4d5dc8c0fab,53,Lancehaven,Libyan Arab Jamahiriya,deborahpena@example.org
0ff3b0ae-7f01-4cf1-8ba7-907d80acf279,29,East Manuel,Moldova,keithmaldonado@example.net
c738e6e6-e469-40a7-a114-cf21f41468ba,61,Lake Gary,Israel,jacksonjacqueline@example.com
c6670c5e-3af9-423d-adc5-39ae1a9d6900,65,Diazhaven,Congo,jonathan50@example.org
cd87bb1a-115b-43bf-8c42-83b9197ba6eb,48,Port Erinhaven,Afghanistan,bkim@example.net
21761888-0db0-4ccb-926e-9593eebfb7a4,66,West Susanmouth,Montserrat,cristinagrant@example.com
fc5c4bcb-9b77-4271-8047-8f1e5b97752b,54,Maxwellview,Falkland Islands (Malvinas),smithtara@example.com
120d2f3e-5cb0-4f65-b298-2c742601a7d5,39,Lake Wendy,Mongolia,leslie42@example.net
d85a3858-05af-495a-ae13-ae4f055722c8,50,Snyderberg,Nepal,lindachavez@example.net
a53ffbb9-3a96-4bab-9753-7549aab33abe,55,Angelaland,Cameroon,josehodges@example.com
eae708be-8399-4ad0-9cb4-50c0d39479d3,29,Jonathanburgh,Antigua and Barbuda,laurenwerner@example.org
2db3f56a-3acc-4407-939c-9f2dd9d23f9a,23,South Karen,Kiribati,browntiffany@example.org
9e9f32d9-3e5a-48ad-a6fa-24d92f754194,26,Tiffanyport,Aruba,hamptonroberta@example.net
d2708ac8-5db5-48a6-8e9f-9bbe05d6966c,25,South Sierra,Sudan,shannonsingh@example.net
9f2715b9-ee80-4ecb-8f4e-02b9a21bbc19,57,Charlesfort,Saint Vincent and the Grenadines,bjones@example.org
eaab11f0-02a6-493b-ba4f-a95f2933e008,60,West Scottberg,Tonga,michael61@example.net
d25a062f-48ac-4d28-85aa-31fe5dc29441,74,Bryantfort,Guatemala,dholt@example.net
7d271012-80ba-42b4-87d2-1b3577924214,59,East Theodoremouth,Kyrgyz Republic,laura53@example.net
73496d29-9d3d-4850-8288-2beed46a8de5,72,West Travismouth,Saint Pierre and Miquelon,jacobwillis@example.com
0f1aa642-af63-4cd9-aa92-83f3a2993bfe,57,Port Sarahbury,Ecuador,amandamccarthy@example.org
90006d2d-f3f7-488a-8588-678c651ac67c,32,New Marcusmouth,Martinique,psnyder@example.com
6d5cfba7-3c0a-40de-bc2d-466eae387cf8,22,North Lisaberg,Bahrain,kmartin@example.net
5ee3f005-8939-42b6-9631-bb70a03b7265,61,New Tina,Singapore,michelle01@example.org
7d6ae71a-17c2-4ce8-9751-0f48e6269f2d,54,Hannahside,Namibia,autumnflores@example.com
79de0d97-d1f4-4254-a4d1-25c0d7503ac5,34,Rebeccaland,Colombia,josephweaver@example.org
dff47f22-258e-4602-9cff-9cd1cd0755ae,68,Lake Rubenview,Swaziland,danielvazquez@example.org
903bf381-7241-48b4-8d94-7b89fa50fb20,43,Kellerfort,Turkey,leahmcneil@example.org
13ca5016-1409-4c9e-998a-8b0e0cae0b90,19,Hooverside,Benin,aortiz@example.net
85574db8-2412-44b6-8b5e-74964ea59b80,30,Adamport,Cook Islands,hobbsshane@example.net
a3cfee9f-c18c-4754-9fc7-61d69ebf90a0,70,Warrenport,Bangladesh,christinebrown@example.com
407a031e-ffbc-4d86-81d3-eb3bcce8ac02,18,Ralphton,Spain,jennifer69@example.net
ea2fde63-7677-4955-ad51-61ec6a83e906,36,West Christopherbury,Guinea-Bissau,kristi46@example.net
42c3d906-9337-467a-9ad6-43c8a909c67e,23,South William,Chile,operry@example.net
81e4ad59-0155-4f6e-b0f4-3dae2c1a5ebf,29,Rodneyshire,Costa Rica,dglenn@example.com
3518d357-a719-4ebb-a405-3f9b6e47ec72,18,Nicoleside,Norway,paulluna@example.com
750b912c-64c8-4bb5-82a7-72dbf550ce1e,18,Gomezton,Belarus,melindagonzalez@example.org
62d18288-5922-46cd-af29-5f5f3059a58b,24,Andrewton,Cape Verde,zberry@example.org
31c89229-8768-4a93-8014-2b366132c2ce,61,Port Richardburgh,Bulgaria,marthamoore@example.net
c6f644c0-629a-47ed-859b-66088d06cd44,61,Wyatthaven,France,valeriesmith@example.com
be97104b-9172-45d4-848b-ac8aa191d859,19,Paulafurt,Andorra,connor95@example.net
f535c742-ecea-445d-8a4a-d89d8c8cde1e,21,Domingueztown,Wallis and Futuna,elizabeth07@example.com
9b9ee686-ed10-4951-9209-be5af8ffe20a,24,Wilsonville,Niue,leonmatthew@example.com
427d9f7c-e5c7-42a1-9cce-d83a89aca375,23,Katiemouth,Madagascar,vmoss@example.org
8a367344-326a-4567-9997-b7d2bbdb04b0,39,Andreastad,Venezuela,mmccall@example.org
9b57d4e1-eeae-4187-ac69-3c4384c3a1c0,25,Port Mindy,Albania,dianafleming@example.net
a0bb9a06-6e68-4f6c-949f-d8a05f71e3f7,20,Markstad,Ukraine,staceytate@example.net
97edaef4-d7ee-4374-83c3-ddaaffdba7b8,62,Jessicahaven,Bangladesh,valerie92@example.net
a699bb4e-1d66-4e23-8ffb-80e801933ccc,28,North Jack,Venezuela,tammyferguson@example.org
7dfe29ac-8c4d-4a11-90a2-6e6eec3f97ab,20,Lake Brandifort,Jersey,ialvarado@example.com
41bce8ff-7b16-4645-aef2-8f6aa2f1d468,73,Kelleychester,Saint Pierre and Miquelon,jenniferjames@example.net
e0ddd18c-6a33-44fb-8e90-e182150b6ca8,64,Alexchester,North Macedonia,jeffrey33@example.com
17164cf3-d43f-4b31-bd49-53742270eba0,26,Contrerasshire,Jordan,bradleycrystal@example.org
a0c140d8-77c8-480d-980c-a35dd119f493,54,Sampsonhaven,United Kingdom,brenda42@example.com
c88d30d7-2509-4b85-a6e5-81d5866df86e,19,Smithton,San Marino,bradleywesley@example.net
72158923-ae52-4391-9d4d-8dd20d8702d6,70,Ginaview,Colombia,austin79@example.org
b2fd68f0-eec7-41c0-b392-97850e37651b,28,Greeneton,South Africa,timothypark@example.org
e521aa2d-3bd2-4817-ab83-33aac94c13aa,47,Port Robert,Nigeria,robertocosta@example.com
847a53d0-8b44-4829-b887-e6296a23b714,28,North Bryanstad,Reunion,fweber@example.com
ca5424e2-6501-4d52-b5f5-b5f642510b6b,23,Tammyshire,Belgium,zreyes@example.com
29743dfc-9451-429a-a5ef-67cdaccc729a,58,West Lawrence,Honduras,stephen70@example.net
03052618-452c-4dec-82db-898a8310d917,49,West Lance,Jersey,mark89@example.net
cedd5422-f562-4ad9-860a-19616ad5b9af,32,Youngberg,Armenia,harriscourtney@example.net
61b2c03d-0d90-4257-9a15-a8ddaf030e00,38,South Joseph,Kyrgyz Republic,jonathan59@example.org
9685c173-15fd-4eba-a5e3-dd44780391ce,60,South Wesley,United States Virgin Islands,tyler67@example.org
8eebae42-a831-490d-a3a3-91d1daf3fca0,57,Josephside,Latvia,kkey@example.org
f2568843-7e39-4c2c-ad50-a3f4e4ed6d9a,40,New Meganfurt,North Macedonia,msmith@example.net
0a159fab-3300-445b-bd88-cdf84f5d579a,71,West Charles,Reunion,ryan48@example.net
0f92356b-3327-47f6-b931-8445e0e377c0,21,Port Wayneland,Monaco,kristina03@example.com
3e69e9ce-0636-43ea-bc00-500d3aa65e83,59,Port Jeremyborough,Niue,ljohnson@example.net
75c4887a-edfb-4599-b97e-8b2f7921cc2a,55,Maryhaven,Barbados,browndonna@example.com
82a98f1b-bfa2-4a5d-ba21-d8733f1ccb96,59,North Brandon,United Kingdom,bwatkins@example.net
97f11825-fa4f-4a09-8c38-1a34b0f20ea1,36,Amandachester,Georgia,qmullen@example.org
694177c2-b78a-4a2c-8f8a-d4f8af84843c,42,East Brittany,Kuwait,collinsallison@example.org
42d02fc2-8be7-492e-a9c9-bcfa4658712b,56,South Matthew,Guatemala,brandonlee@example.net
21e800e4-f2c1-48f3-817e-8a3666c092f8,26,Johnnytown,Pitcairn Islands,oyoung@example.com
99afc4fc-25d3-4a72-ab4d-f97a175f8dbb,62,Marialand,Uruguay,davisjason@example.net
fae90927-6692-4904-abd4-bc8e8c30f697,75,Lake Kristenside,Swaziland,reillychristine@example.net
2c6ce877-3ff5-47e0-9654-1ac3628643ab,47,Tonyville,Sierra Leone,vkelly@example.net
ef8473eb-a916-4a86-bcb0-02ab05c938be,55,Sylviaport,Montenegro,elliottjacob@example.com
0fa759bc-38ed-4c3f-97c3-b9ffa89cc10f,40,Johnnyfurt,Japan,keithjessica@example.org
4988218a-228f-40ed-9769-c226ea4e7280,57,South Stephaniemouth,North Macedonia,erin19@example.org
b6df0bc7-89bf-4ec2-ab10-d173ab4fca7e,62,Shawview,Singapore,taylormichael@example.com
66b8aa14-2a7c-4229-9998-029d3cc9ff27,44,South Veronicamouth,Qatar,williamsmatthew@example.net
a63ec5b6-e8c8-4778-9028-5ce5414a8b0c,20,West Trevormouth,Peru,ericrios@example.com
a334c4d1-71fd-4d98-9ae0-f669743bdfe2,26,Johnsonmouth,Tonga,kwalker@example.com
d07474aa-3b98-44f1-b289-7d457a561566,31,Shawport,Malta,andrew85@example.net
f0e57420-13a5-4f01-8663-f3dc4d14a23a,21,North Matthew,Mauritania,dianabender@example.net
2b995e91-0ea4-419a-bb98-4fcf2ce1579d,24,Emilyburgh,Lebanon,walshheather@example.org
9e024986-b0fb-47c6-8ba1-5a2d5a5d6781,23,Greenmouth,Uruguay,elizabethmarshall@example.org
55ef0da8-d958-434c-b1d0-3f94e32b8c40,63,West Brianstad,Italy,john23@example.net
72d733a1-eac5-46a5-8707-391fe37c7171,50,Port Maryshire,India,marcparsons@example.com
b100565c-7882-49b1-a689-6ea6008060fc,32,East Sarah,Kyrgyz Republic,cheryl91@example.net
ccf3ed9f-4969-4e99-8817-cdfc02272910,55,East Pamelahaven,New Zealand,michaelmclaughlin@example.net
951cca75-5d52-43db-ae5d-4ec9c21f0b10,69,West Leslie,Korea,brandon56@example.com
be5aefd4-cf2a-4292-a45a-2e57c1759a3f,59,East Holly,Sudan,npatton@example.org
be2feca0-824d-4888-85a8-4c5fb1e4cb3c,67,Lauriefort,Liberia,longbruce@example.com
170420fd-6910-46e6-9466-60bb2105d7fe,29,Jennyberg,Australia,mathewwalsh@example.org
18e2bc57-c7a4-4666-8240-3530bdded47e,60,New Thomas,Falkland Islands (Malvinas),ronaldpatton@example.net
c4724b00-0d83-4ca5-ab65-0cdec5f7cb40,73,New Jenniferside,Nicaragua,msmith@example.net
7b8c8f56-7e34-4dff-a891-885c6352b604,60,South John,Saint Pierre and Miquelon,smallsteven@example.org
ceef2da0-ff0b-48b1-b1bb-0a8ba773d90a,40,South Jonathan,Cuba,stevebrown@example.org
e355ff50-4a81-45cd-8a12-89780463bb84,47,Port Barbara,Guernsey,lynnerin@example.com
7f102c1a-94ec-4222-bafa-8d6bb4ee8157,64,West Nicholas,Vanuatu,vsmith@example.org
daadea85-ac0f-4939-9291-a6b74fceb06a,58,Haileymouth,Tokelau,colleen00@example.net
cdfd8c3c-a881-4f5a-8e2a-cb1102bbe8c9,65,Valerieville,Luxembourg,andersongary@example.com
efe48fae-e70a-4d25-88d9-c3acdfe1e4a6,28,Rebeccamouth,Guinea,gtucker@example.org
3519d622-db72-4b9e-863d-ea1dff3e0264,33,Petersonview,United Arab Emirates,james30@example.org
9d05db26-bfb5-4cfb-8d07-cefecfb62341,30,Stonestad,Bahrain,thomasfranklin@example.net
bc683a2e-6812-422d-9ce1-37d03c24a46b,72,New Robert,Cote d'Ivoire,qmartinez@example.com
ae8625c6-3ea8-49ba-bb07-9b567c282b77,54,Brownberg,Thailand,sonia06@example.net
3874cc4d-9e36-4d58-b0ea-5e30a525e112,37,North Christopherview,Italy,rgonzalez@example.net
8f5d4e32-f7e1-4b3e-ae6a-2dd56841e2d0,48,Joshuaton,Honduras,orose@example.net
aac814f6-18df-4cab-9585-6fe8ebc4131b,56,New Margaret,Uzbekistan,olucas@example.com
3f30e66e-485f-47ef-8b84-319bac251be7,42,Charlotteburgh,Holy See (Vatican City State),george82@example.net
aeb8611b-d75d-485f-9bc6-47a7070815c8,31,South Martinland,Marshall Islands,thompsonchristian@example.com
3ecbec0d-acd1-4d6b-97dc-0d9212d963f7,37,North Tina,Chad,reynoldssamantha@example.net
322c04f8-3fb3-4287-b2ef-fbf1d05ef1f3,24,Frankside,Tonga,lori45@example.net
10ddb7cb-a13e-46bf-a490-4fe88b1a3bb0,40,South Valerie,Saint Martin,john25@example.net
b4914714-108d-4b4e-819e-d8a62a77e1f9,38,West Johnborough,Macao,james31@example.org
32f9ed9e-30fa-46a1-b6e1-96e7e4e3f7fe,37,South Jeremy,Singapore,aprilallen@example.net
daf9d6fe-af05-4d0e-a9de-c7b5ad944c3c,32,Rickystad,Hungary,csmith@example.com
e66412ad-342a-4313-9100-74811538d205,33,West Ryan,Romania,andreamiller@example.com
212b810c-0c86-43e6-b97b-8e353124bd68,21,Taylorfurt,Bermuda,whiteamy@example.com
c1574c5e-f41c-40d7-ab93-933d2d0bfb19,51,Williamsland,Azerbaijan,marisa21@example.org
d8af5dd9-b58a-44f4-8198-30646202df98,57,New Jennifer,Belize,sanderscarolyn@example.com
da0ffec9-d191-466f-a647-a12bbbbb97b0,32,Port Nicolefort,Guernsey,obrienjoseph@example.org
a3bc1b44-40ee-483b-b6d9-00d07ca8aa97,61,Port Earl,Australia,wilsonkyle@example.com
7a53c167-330f-4bae-99b4-88641d788e94,69,Lake Cynthiamouth,Brazil,jsoto@example.net
18a46544-fb6d-476a-82cf-a1b65f1f97fe,25,East Jacobton,Sao Tome and Principe,cynthiacastro@example.org
fa8990a0-7026-48a5-a510-c8ee97266a59,29,Duncanport,Saint Vincent and the Grenadines,hallcrystal@example.org
db874b9c-b405-4267-92a3-bd3ce988e56a,67,Valenzuelabury,Malaysia,houstonjohn@example.org
83430643-ec6e-463e-bf0d-1207d65da770,45,East Sandyhaven,Hong Kong,julietaylor@example.org
04b68219-7975-446d-84fe-6bf6d0fac216,28,Port Sandra,Korea,laurenlee@example.net
22078bcd-c624-4406-a52a-3a9acc749245,45,Harrisborough,Iraq,damon57@example.org
cbdd0b11-9805-4625-9659-7ff3cab82d02,38,North Gregoryport,Solomon Islands,krystalsilva@example.org
5cfb2819-5f82-4765-aeff-b99d4b744e4d,72,Lake Stephenmouth,Peru,smithcristian@example.com
611522b1-e338-4e38-bb6e-34df033c3ce2,49,Lake Johnbury,Anguilla,wagnernatalie@example.com
925aabfd-5bba-419f-b264-4c4679b51ee5,74,Lopezmouth,Grenada,nphillips@example.org
5f8e32b9-5881-48e5-816c-e02c6697d197,19,East Deanna,China,caleb10@example.com
274285d2-0ad1-4423-b857-7b46d8d4862d,28,Rosariohaven,Denmark,adrian52@example.net
56df1aaa-79d4-4236-8f86-51fc684f9c0e,62,West Brenda,Netherlands Antilles,umurray@example.com
1671f002-bf7e-4cfd-8a47-0d3089c7aa12,19,North Jamesburgh,Kiribati,jonessarah@example.org
683d6d3d-da57-4b9b-a303-3b7a713710fc,23,Port Joel,Palestinian Territory,nbrooks@example.com
5a30a0c6-be7e-4061-a55a-2eb3958ceaac,57,Brownfort,Switzerland,philipwilliams@example.com
e1280807-e0f2-4848-9ace-c8bedd9ec4da,25,Erikberg,Northern Mariana Islands,smithariel@example.com
6ced7953-9cc9-42d3-a6a8-74738903e1ba,52,South Markland,Brunei Darussalam,sherryschmitt@example.net
adb84002-091f-4ff2-9402-a44c44b46fda,66,Teresahaven,Uganda,mharris@example.org
d2730774-8ce3-42b7-b891-f224c590778a,30,West Michael,Kuwait,edwinhill@example.com
4aa301dd-7869-4212-b7b4-78439a1a6d0d,54,Rebeccabury,Western Sahara,ejennings@example.org
b4066b16-1cd5-4bef-87d6-d2f8a676bcfc,70,Donport,Bahamas,kathleentaylor@example.com
7f611ec6-10a2-4d35-a7ca-62dfda12ea15,24,Port Linda,Mexico,debra01@example.net
63038926-6308-4458-a09e-62c474abba81,39,Littleview,France,singhheather@example.com
06ad811d-1783-4654-88d1-4056d5eb46f7,53,Jayborough,Mauritania,willisdestiny@example.net
11e13a67-f82f-4e12-ae41-aa88a88a710d,30,Lake Jenniferport,Gambia,danielgallagher@example.net
908f3399-6ebc-408e-a50f-755eb1b235b7,60,South Stephanie,Taiwan,kathrynparks@example.net
d8e76317-2a60-470e-af55-6e8e28e66c99,30,Hallville,Mozambique,michaellambert@example.com
f97d78e0-714b-4635-897c-ca0d7a0cd7c0,64,Turnerhaven,Zimbabwe,torresjeffrey@example.net
c72b6ec5-e5cf-4f57-8527-52affad4ebec,67,East Jerry,Cyprus,mcmahondavid@example.com
ff75632e-50ef-4c2e-b1bc-0936a42d1a6e,64,East Susan,Georgia,john61@example.com
d7ae753e-47cf-4a41-b06c-e4f9c4600729,70,New Brianberg,British Virgin Islands,jonesjennifer@example.com
80e4e0e9-20e1-46f9-9dee-af83f5b31694,40,East Mistyborough,Netherlands,melissa92@example.net
e1a56026-e125-455e-96b7-8d2295a0c6f7,39,Port Anthonyfurt,Sri Lanka,lrichmond@example.org
2dcbe655-e506-46f8-abed-8f5a38f97f2b,45,New Gregory,Comoros,patrickrivera@example.net
006fb25f-7ef0-427d-80a7-d65ffda3c9e1,70,Grahamhaven,United Kingdom,rsmith@example.net
441163f3-41d4-463f-9d36-115e47af79aa,61,Jamesfurt,Kenya,kwood@example.net
ec7d274e-5eb8-4fa5-afa8-31277726d94d,69,West Amy,British Virgin Islands,sergio32@example.net
66c369d8-6ab4-4ca3-8658-c4429a88cadd,37,Melissamouth,Kuwait,owenscatherine@example.com
045e4044-65b7-4830-8218-f790ab1a0e2a,71,North Tonyville,Cayman Islands,erik38@example.com
abe9b1b7-2828-4365-af1f-f965265b4de1,72,Smithburgh,Argentina,igray@example.org
89d53240-40d7-443e-94ef-9d83665a141a,50,New Katie,United Arab Emirates,johnsonjudy@example.org
2254149c-16c8-4da2-996c-5cee55f453cf,54,North Catherineside,Netherlands Antilles,kcooper@example.org
31768d6c-a0ad-42a3-91e0-96a9923107af,69,New Charles,Brazil,jonesjose@example.org
21eeb318-7a65-4b81-bdae-0aa0130044dc,57,South Chadbury,Lesotho,nancywilson@example.net
1a3b430d-e769-426d-9d4a-495adcef5ca9,58,Donnatown,Rwanda,cindyhale@example.net
cb4269b9-5c12-4d35-8d81-bb59a14d3c21,74,New James,Cyprus,kle@example.net
0091afd0-800c-4a64-8424-c175176f4395,30,North Rebecca,Guernsey,brooke13@example.com
5ca32698-43e4-4b2a-82c7-3cbbab52f0e7,55,Payneshire,Oman,fwhitaker@example.com
d16886c2-7494-4aad-924c-d0b4e42f62af,29,South Robertborough,Argentina,mrobertson@example.org
6a866061-ecf7-47e7-997b-4fd7cf3d989e,69,North Johnmouth,Macao,andrewpatton@example.com
458a1e73-3350-4cfd-84ad-3a2523ff3466,67,Humphreystad,Saint Kitts and Nevis,kleach@example.com
8ac1a86b-51f5-4206-b334-0fa55fde9060,65,Aprilport,New Zealand,anthony60@example.org
58774f16-1b87-4ff1-a463-bb00d8b8ef48,63,Anthonyport,American Samoa,larry80@example.org
db01f460-f980-4621-a49a-80a03a0abaf1,70,New Duaneville,Papua New Guinea,karen95@example.org
78c83246-8cb2-4a90-a040-5926c30ab871,58,Shawtown,Mauritius,pstewart@example.net
0660b537-4d5d-4a30-85f3-e809e58da0ee,33,Knightborough,Eritrea,lopezvictor@example.com
a62dd3d4-6461-4ae7-9717-ac782891f3be,40,North Kyle,Norway,bmeyers@example.com
c6cd8eda-0af7-433f-84cc-2dc994a86e4b,74,Pamelaburgh,Bosnia and Herzegovina,smithjoshua@example.org
52bf21bf-6592-455a-bd88-2fce273bcbe1,63,Rhodestown,Argentina,dennisdawn@example.org
09485d5a-b6a6-49d6-b4cc-069e5e4b1704,57,Gomezfort,Madagascar,jessicaneal@example.com
9fae077d-1902-4ab1-bbdf-a2d1483477a9,51,Laneview,Italy,danasimpson@example.org
040ed48b-1946-413d-bf21-9b449473869d,29,Lucasport,South Africa,lopezmario@example.net
4a0b2804-c2ee-4bcb-9321-0cc56c3e4180,67,New Jamie,Namibia,megan49@example.com
8c109045-a272-4518-8ec5-f45a86ced398,62,East Dianemouth,El Salvador,vberry@example.com
3a4b753b-a034-4616-b0ed-5ef82aedcd33,74,East Kara,Pitcairn Islands,jamesbrown@example.com
eb7ae51b-7a8d-40d8-83a0-e929e4e707ea,21,New Coryville,Macao,wmcmahon@example.com
ee7b4331-4753-44a4-b564-cc59d2656cea,69,Vaughnside,Macao,reneejackson@example.net
92e45257-30f9-46ec-b344-d30ca08f1a70,71,East Emily,Cambodia,rrivera@example.org
853dd8f0-2d5c-426a-b900-f874b4194463,44,Salasstad,Algeria,hannah63@example.com
f729119d-50f0-4fc7-913d-27aaa5e1be83,46,New Tony,Pitcairn Islands,tgonzales@example.org
f0cca451-0920-4c43-85cd-6e39c9c33ddf,18,West Judithview,New Zealand,daniel25@example.com
3180cbd0-feb9-47f1-8df2-afc39e20a77d,44,Lake Ericamouth,French Polynesia,melissaday@example.com
2a0ad9b5-4dbb-4c9b-8939-55d1b8d1ca3b,58,Woodsfurt,Austria,christophernguyen@example.org
dc050f01-c0af-466c-b4a3-433bfd35972c,18,South Robert,Afghanistan,andreapratt@example.com
d6e15522-bd77-482d-9a32-2695ab3d72f0,51,Schroederborough,Equatorial Guinea,robert44@example.net
c953a9e8-ed9b-41e5-a1b4-1880d1b292b4,26,Port Micheleton,Czech Republic,jsnyder@example.net
06e7caf2-fe38-4ac5-98af-bed118af50fa,29,Port Patrickton,Mongolia,kathryn09@example.net
ba53ea11-a97d-4c30-a3ae-1453e2de7a6d,33,Markview,Zimbabwe,emily63@example.org
8430c79a-7574-4e84-a8f1-be54ae3cd6f0,38,New Amanda,Kiribati,wmitchell@example.org
0756e80b-5f07-4901-8225-c045c5e20d45,30,North Amanda,Moldova,jenkinspatricia@example.com
3fe1b071-d828-44b9-860e-a2c4434efd55,51,Robintown,Belize,mmueller@example.com
a5e8736b-b269-4ba9-8214-3426c333ed38,59,Lake Ryan,Albania,angelavega@example.net
1f59346b-fc8e-4804-8b8d-2d3169a0bac4,36,Brandonland,Montserrat,christensenshannon@example.com
2ffc8446-b54f-4484-b173-31637f8c4ed3,54,New Michael,Niue,jtorres@example.org
83ddef4d-ac1f-4f30-9a97-9dcc6aa8fe97,72,Stewartshire,Bermuda,scottjessica@example.org
c6ac663d-c912-4680-9ebf-27da10857238,53,Nicholaschester,Sierra Leone,hollychang@example.org
7548fc65-cd65-49a1-bbcd-733d502b9e07,37,South Daniel,Panama,marksilva@example.com
0a8918ed-4b92-4540-b704-db54e897c91e,46,South Michaelberg,Vietnam,mackenzie35@example.net
2398bf22-ad1a-44cc-8ef8-0d1ee60b8eab,74,South Mark,French Southern Territories,pwest@example.org
bf929975-1695-475c-8282-ccb9f61e09cb,39,Dunnfort,Denmark,john43@example.org
fe806671-5229-49ed-8a69-3c5d355a2f83,71,Wardville,Kenya,gfoster@example.net
fd26a404-5012-48f6-be3d-93de4222f9dc,45,West Kelliburgh,Honduras,edward80@example.org
59e74d29-4e4b-44e8-be21-652bdff16138,60,New William,El Salvador,cstewart@example.org
492449ec-e9cc-4b1b-9265-68d8ba7fbd63,62,Lindseybury,New Zealand,wjarvis@example.net
81b2e9c1-f554-4416-b928-e800e378d4f2,57,West Taylorton,Haiti,clarktimothy@example.org
ed1234e2-f5b5-4457-acdb-dbb83e234b09,43,Holand,Azerbaijan,bensondebbie@example.org
827d7f9a-2876-4b89-ac17-ebc3865e5b6b,55,Hermanport,Singapore,pateltracey@example.net
5803bd3f-4d07-4d0e-b91a-704f5d0a308e,63,East Ashley,Bouvet Island (Bouvetoya),michael45@example.org
423630b5-aaf2-45d0-aea9-2da9e3bace0b,50,Joannaview,Finland,castroscott@example.com
2661a518-fdb1-4d06-9e2a-b507ef4dbd60,42,Port Amber,Faroe Islands,robert29@example.com
cbb19e34-4c30-4fc1-874b-0155f49c87b0,27,Micheleburgh,Estonia,cameronamanda@example.com
efadf956-3b9a-424d-8f86-53ef7f2fef72,71,Davisport,Kazakhstan,paynepatrick@example.com
75744480-809a-41cf-8465-1099f73750f0,67,Lake Kristi,Lithuania,bakermatthew@example.net
fce17587-d167-411a-b3e3-5e5ae4975ccd,27,Lake Angelastad,Chad,sberry@example.com
77059067-6aff-41e6-aeb1-60b9be5af3af,54,Johnmouth,Qatar,millercarol@example.com
8256945e-208a-46f1-976b-325441d193c0,40,Gonzaleztown,Benin,flowersmiranda@example.org
265f3ecf-84b5-42f2-bfe3-11814cdbfa27,55,Julialand,Cape Verde,pharris@example.com
284cf3f4-010e-4311-b5b6-bfe97e58bae6,25,South Michael,British Virgin Islands,lesliebrown@example.com
c89e5bc9-cb8b-4025-9a3e-8a2e98260aa2,50,Port Johnville,Cuba,zbates@example.com
be280f25-fac0-4f55-b4ee-47c43eaa57c6,30,North Scottfurt,Mali,jmaldonado@example.org
bd6214be-485b-4355-86ed-00e9b7c6dcd6,62,Rodriguezshire,Georgia,dwilson@example.net
fa93d53a-0df8-4477-b65c-2b67f56de8c2,20,Hannahmouth,Saint Vincent and the Grenadines,samantha53@example.com
f826ddb1-42f9-413e-b3a0-1aa54f0868b0,25,Everettburgh,Tokelau,rmckay@example.net
f79593d4-21da-4cd2-af35-9e964d5db172,68,East Barbarastad,Thailand,michael17@example.org
5369d778-4c7f-4836-98fb-ff844e6289bc,69,New Keith,Guam,david53@example.org
1df156e5-b3e0-4adb-aab3-b4ddff71f51a,34,Lake Mariaton,Mayotte,lisanovak@example.com
03bcf38a-171c-4fd9-8cb9-824202a8a2ff,50,West Rebekahstad,Trinidad and Tobago,angela46@example.com
990ebde0-a2af-4994-b464-a9dd3ae74fad,60,Rodriguezfurt,Rwanda,julianramirez@example.net
1802596b-aa6c-4341-be7e-f7a8f3ff3172,45,Port Ralphstad,Malaysia,bcarter@example.org
0bc14e80-a4b4-421a-9d88-79f9e4b90731,24,North Karenside,Uruguay,larry98@example.org
4d9c003d-1dea-4a12-bf6f-c62cbf194a6b,66,Ferrellfort,United Kingdom,bassjennifer@example.org
3fca0db1-e08a-4667-8fdb-197e2ebe5105,28,Port Tannerport,New Caledonia,matthew04@example.com
9593c680-0d21-46b1-a88f-89d774a27903,37,Lake Ryanport,Falkland Islands (Malvinas),ramirezwilliam@example.org
d950aeac-b575-45d0-92e8-a187559c0cfe,53,East Jennifer,Guernsey,georgefitzgerald@example.net
da7f10dc-1c73-4805-be47-ecefdd92a9ae,71,South Joshua,Costa Rica,fwilson@example.net
961fa16f-7b94-4f9e-bd56-0927c940ac4e,50,North Tylerview,Malaysia,ariley@example.org
3825915e-0c5e-4aa9-8550-c383adf1b60e,28,North Michaelhaven,Guinea,timothy74@example.com
44fa655e-17ce-4149-9c0c-360938c37a16,47,New Tylerside,Canada,ryangarcia@example.net
7a8d66c3-a38a-4a8c-99e0-4c0abb6349e1,28,Garciaton,Romania,william66@example.org
41314244-00e4-4552-94e3-9115a022be37,37,West Lauren,Netherlands Antilles,kathy24@example.com
d9e02757-f75f-493d-ad0d-88a803905749,28,South Norma,Djibouti,spencerjennifer@example.org
8191cdb8-5cda-44a4-8b05-12eee0e16208,36,New Adam,Slovenia,leonarderic@example.net
7bb74e2d-0df2-4bf4-b753-0f63951adde6,36,Martinport,Netherlands,erin05@example.com
25c3c6c3-a1b8-4937-b5ca-da4cf6cba21b,45,Glennburgh,Luxembourg,amyharris@example.com
39fc1067-acf3-4920-b008-4917c0efcde5,64,South Elizabethport,Hungary,pamelahernandez@example.org
e706f9f0-ca9d-49cd-9377-32f4ca4d1ca3,30,Garciashire,Isle of Man,sarajohnson@example.com
2c0e2b12-cf72-4aa0-a8ae-5aa9e7cb49c6,48,West Lisa,Falkland Islands (Malvinas),rjones@example.com
76e17264-07f6-4c56-8233-33ed9bf57b47,54,Cooperhaven,Saint Vincent and the Grenadines,clarkkenneth@example.com
f4f25cf0-a629-4195-ae08-e9b74091dc68,26,East Royton,Montenegro,mullinsstacy@example.org
7b7899b3-221e-497c-9488-0d6ba413976e,48,Banksmouth,Saint Kitts and Nevis,travisstephen@example.org
a80564db-6137-496c-adcf-b7dadc1f136e,73,West Alicia,Gabon,xmartin@example.org
b0c2a81c-07e7-48f2-844f-1fa87156ca83,58,Lake Richardton,Croatia,jamessmith@example.org
a847b16f-c61d-41b2-b002-2c45ffe3777c,70,Princeton,Sao Tome and Principe,thomaslee@example.com
efccbe8f-6f2d-4f6c-9985-14181720874a,72,Boylestad,Sierra Leone,amandawright@example.net
154ca1a4-62f9-4cf0-be84-7d93e88bc2e0,56,West Brittneyfort,Mauritania,kelsey67@example.com
a4d8c854-f4dd-4bfa-aa1d-53945b190174,48,Changfort,Bhutan,christopher35@example.org
49824f57-0043-4db3-bbc2-f072be3da202,40,New Eric,Belize,nhudson@example.com
32353a2a-892d-4b80-8877-7b79e08bc553,67,East Dennisville,Lesotho,mfritz@example.org
82e83e01-3eb4-49f7-89fa-1ca20dc76733,75,North Robinhaven,Congo,dsolis@example.com
a09d5048-abee-4dbe-b2c0-e2fe1fe23d39,54,Tatemouth,Bermuda,wongcraig@example.net
f9db383b-0aed-4ea9-be10-b9fe838d570d,70,Martinezberg,Rwanda,sydney49@example.com
827fdcbb-5753-4b89-96c4-e3c4b7de62b4,64,Rosalesview,United States Virgin Islands,birdadam@example.org
e342079b-8728-4ab9-bb36-34eca5a6767e,32,East Kennethmouth,Tonga,morrisbrandy@example.net
795f6bd4-2491-4f61-86cc-3d06a90f1543,53,Port Catherinehaven,Serbia,joelstanley@example.org
97c774e3-2c05-499b-8f52-51930c459e98,68,Port Nancyshire,Anguilla,gjohnson@example.com
e3f6216c-bb16-4d87-8258-15bc7d82bf79,34,South Amandafurt,Bouvet Island (Bouvetoya),chad66@example.com
9f574dd1-4225-4ad7-a2cf-8939ec53049d,44,West Brandonchester,South Georgia and the South Sandwich Islands,hnewman@example.net
58490972-7544-454e-81bc-245c6a47c074,50,West Jennifertown,Marshall Islands,porr@example.org
cfe3611e-552f-40e0-970e-52697df37c26,35,Lake Craigview,Lesotho,jennifer65@example.com
6fa83dcb-4a64-448c-8669-3173e8fb6613,38,Williamsstad,Samoa,jasonsmith@example.com
092a5d57-1f2c-4b90-83c3-8fe52efc52a5,26,West Josephland,Senegal,michellesullivan@example.com
cf696935-2470-4254-a3aa-a89a3eb0038f,69,Port Nicholasshire,Macao,hollyavila@example.org
ac6b6885-e092-4394-8c9d-f4db8cecf7da,58,Meganville,Guadeloupe,tammy25@example.com
0b321262-9ea8-4734-96b2-081134e84cb8,56,Jeremyport,Guadeloupe,bshepherd@example.org
7509a8a9-4eac-436c-98a8-2b2dec2b4373,58,North Toddport,Anguilla,eford@example.com
bdd48590-c504-4441-9707-106273e734c6,18,New Michelemouth,Costa Rica,samanthabarrett@example.net
6575b968-df6a-4387-a831-cbbe3266c0e1,43,Scottland,Myanmar,samanthahaley@example.com
28976e65-7998-4508-a002-dbcc32feb28e,73,Anthonyview,Guadeloupe,tiffany36@example.com
5c5c8ee1-5378-4003-a23f-ede9943d70cb,20,North Sharonton,Russian Federation,oduarte@example.org
2e4703f5-8364-4a2a-809e-b5560f433834,75,North Timothy,Saint Kitts and Nevis,xchandler@example.com
c4d3ba12-a139-4832-80de-5049f402f257,73,Davidfort,Taiwan,gcruz@example.com
a604cab8-5d3b-40cc-ac6a-2d07ee8b54c7,68,Ramirezchester,Saint Barthelemy,smithjoyce@example.net
0a00dcb8-f4ef-41ea-93da-60a65056cfbb,50,Cassidyport,Congo,ellismichele@example.net
da3d65c2-02eb-4dae-a961-b0d8ed9a0793,57,Port Whitneymouth,Kyrgyz Republic,kingram@example.com
e6dd7af4-cdef-4acc-81a2-e86a05f4b426,74,New Jonathanberg,Suriname,wdavenport@example.org
39f5eb03-6781-4ad0-969a-e107c18e38de,66,North Kristinefort,Ghana,nicholsonbrandon@example.com
7fdb50ca-3859-41df-ac82-4bd6cd40e68e,67,Marquezfort,Guinea-Bissau,misty54@example.com
2a46eebe-bf3c-48c0-ac7a-cee88b139a7f,47,Smithville,Nauru,branchrachel@example.com
965f30e8-d19b-40de-9e13-0c7de44e83af,51,West Michaelton,Bangladesh,dustinblack@example.org
4238a267-2b66-4c1e-9134-4f04bdfd06bc,58,West Misty,Bermuda,madisonbates@example.net
5efc63fb-5693-4381-9de6-e967e25f1a8d,55,East Johnville,British Virgin Islands,raymondrobinson@example.net
20c367a5-3253-4856-9640-8b80578be707,48,Juliefurt,Dominica,brownkevin@example.com
9ef90e46-5067-478b-9fd5-b53a82f9eae5,39,East Kathryn,Guatemala,wwilson@example.com
079cdf85-b7ce-41f6-900b-aa548a8d4d0f,71,Lake Elizabeth,Qatar,katherine02@example.org
202160c0-9122-4c40-a745-26cdaed7ecb8,26,North Timothyport,Palestinian Territory,birdjeremy@example.net
eae14040-66e6-4433-b1c6-0efc07430ee1,55,Johnsonmouth,Pitcairn Islands,xwoods@example.org
d41731f9-15fc-4740-b4f2-95059ee27f22,66,West Rhondaberg,Honduras,treyes@example.org
c1882d66-cc3d-41c8-8d1e-0499bd7e0e81,44,East Victoriabury,Dominican Republic,angelasparks@example.com
02bf75f4-3281-4bd6-9c4d-3b52f95c9184,42,East Carly,Honduras,ashley90@example.net
b78450e4-995e-4ac0-9a72-192fe3ca59c2,40,Matabury,Solomon Islands,cruzkimberly@example.com
188ec4a0-b279-448b-99f7-7a822c58258b,22,Kristenport,Armenia,walkertyler@example.net
7ab9b63b-ae4d-4024-8c08-15bca4d0da1e,42,Johnathantown,Cocos (Keeling) Islands,rebecca63@example.org
380bd264-f49c-4662-9a04-866edaed7ffd,42,East John,Central African Republic,adam53@example.net
a4ebcd8f-1f77-40c3-9ef0-e3b417b63b24,63,Whiteport,Western Sahara,bonnie59@example.net
371be14b-7143-42a8-9c8b-78a7232f52f8,50,Lawrenceton,Austria,jsmith@example.com
d69091b2-fe5d-4540-96d4-1462d6535d89,44,Jacobland,Kuwait,stephenbrewer@example.com
70dbbe14-8e58-4764-9889-c05276e08d09,29,Lake James,Togo,jonathan42@example.com
80917630-4bb9-47dd-be71-14a1a5b3a001,47,Elliottmouth,Italy,kevin09@example.org
12d6616c-a5a0-4a06-982d-bb9988c95cb8,67,Port Jacobshire,Zambia,blopez@example.com
d0756dca-abca-4565-833c-411d2816bc39,49,West Brittany,Luxembourg,gerald29@example.com
1fd6c103-9066-4360-94e5-16753c7b4728,37,New Albert,Belize,heathervalenzuela@example.net
ee5f62d4-e2fa-40c8-8ca3-e80eeddbfd68,73,Smithfurt,Bosnia and Herzegovina,karensanchez@example.net
8042dcdc-756a-4a56-9362-f2ee00fee203,39,Lake Tonyberg,Kyrgyz Republic,perezandrew@example.com
8495505e-28e0-45bb-9d06-7f2e100fdc2f,47,Townsendchester,Qatar,stephenhorton@example.net
